{"headIndex":0,"headName":"feature","floatEmbedding":[0.0013876258162781596,-0.24279285967350006,0.6562108993530273,-0.2731929421424866,-0.3211452066898346,0.028548864647746086,-0.3691754937171936,-0.05286010354757309,1.3538628816604614,0.3180345892906189,-0.1506786197423935,0.8328343033790588,-0.32260188460350037,0.04307752847671509,0.2611721456050873,-0.35558435320854187,-0.13527466356754303,-0.09754012525081635,-0.028778284788131714,-0.2901857793331146,-0.3282436430454254,-0.01670161448419094,-0.3136288821697235,-0.07103163003921509,0.9896206259727478,-0.10018926858901978,-0.02951139770448208,0.5212621092796326,-0.06139601394534111,-0.3701627552509308,0.5575992465019226,0.05065889656543732,-0.333987832069397,-0.304908812046051,-0.31134873628616333,0.1527453362941742,-0.21027527749538422,-0.11246979236602783,-0.0526653490960598,-0.36528074741363525,-0.3748279809951782,-0.234749898314476,-0.35862454771995544,0.3666000962257385,-0.13673648238182068,-0.3628871440887451,-0.3686051368713379,-0.298583447933197,-0.30857884883880615,0.0534696988761425,-0.35825714468955994,0,-0.10477729141712189,0,-0.13608479499816895,-0.22661927342414856,-0.17217890918254852,0,0.7854273319244385,-0.01456930860877037,-0.3434957265853882,0.42654797434806824,0,-0.08307003229856491,-0.17159563302993774,0.7211231589317322,0.8493652939796448,-0.3732219338417053,-0.0670245960354805,0.30928027629852295,0.12129583209753036,0,-0.021727148443460464,-0.19075483083724976,0.5952670574188232,-0.37202075123786926,1.797055959701538,0.7511850595474243,-0.1874994933605194,-0.3507983386516571,0,0,-0.11232991516590118,0.13569211959838867,0,-0.22380739450454712,0.2669926881790161,-0.2305150181055069,0.11892101913690567,-0.36937299370765686,0.7893689274787903,-0.08347321301698685,-0.061445582658052444,0.9292954802513123,-0.37117472290992737,0.20997542142868042,-0.04212019592523575,0.03190014511346817,0.38771581649780273,0.3534565567970276,-0.25142836570739746,-0.33114203810691833,0,0.1931333839893341,-0.10210119187831879,-0.17269755899906158,-0.29950466752052307,-0.2875862419605255,-0.33612677454948425,-0.36423417925834656,-0.2980401813983917,0.1773562729358673,0.7266339659690857,-0.12697777152061462,-0.14144638180732727,-0.1513965129852295,-0.13590890169143677,-0.012097472324967384,0.24121376872062683,0.2839069068431854,0.05182213336229324,-0.30534839630126953,0,-0.3531147837638855,-0.25543975830078125,0.6864792108535767,0.03466096892952919,-0.23038369417190552,-0.2856913208961487,-0.30616655945777893,1.3423333168029785,-0.36385199427604675,-0.20912301540374756,-0.2993832528591156,1.2523115873336792,0.09394630044698715,1.3390016555786133,-0.3187926411628723,0.31629079580307007,-0.3633195757865906,0,-0.0910605862736702,0.21081483364105225,-0.3748027980327606,0.02065088041126728,0.32524144649505615,0,-0.3000865578651428,-0.17612086236476898,-0.36434680223464966,-0.25198447704315186,-0.15237712860107422,-0.37306344509124756,-0.1516052931547165,0.2282576858997345,0.5574455261230469,0.060153331607580185,-0.14548373222351074,-0.31958916783332825,0.5855017900466919,-0.3176821172237396,-0.25525760650634766,0.1582031100988388,0.4400491416454315,-0.16768980026245117,-0.3063509166240692,0,-0.3507106304168701,-0.2911427319049835,0.12076707184314728,0.4506053626537323,-0.05829189345240593,0.4503827393054962,-0.026564745232462883,-0.13914449512958527,0.13061214983463287,0.5064343214035034,-0.3630048334598541,-0.3416038155555725,-0.1752946525812149,-0.3393746316432953,-0.35974401235580444,-0.24593253433704376,-0.3715282678604126,0.22321166098117828,0.20917871594429016,2.0131192207336426,0.14606744050979614,0.40522462129592896,0.5861245393753052,-0.36126527190208435,0.6957102417945862,0,-0.37259727716445923,0.29319387674331665,-0.30927786231040955,-0.10766658931970596,1.6575889587402344,0.28220146894454956,-0.3633212447166443,0.5470337271690369,0.02417837642133236,-0.2435079663991928,0.8376982808113098,-0.32890811562538147,-0.3006121516227722,-0.3735449016094208,-0.06890972703695297,-0.22567379474639893,-0.36480316519737244,-0.23716884851455688,-0.2883530259132385,0,-0.046613480895757675,0.12795574963092804,-0.3527495563030243,0.3385055959224701,1.1223357915878296,-0.28011637926101685,-0.32069531083106995,-0.12651942670345306,-0.041274454444646835,0.07956717908382416,-0.1763034462928772,-0.026105990633368492,0.9324901700019836,0.7831782698631287,-0.1229306012392044,-0.2698977291584015,-0.3724297881126404,-0.03823014348745346,0.5311594605445862,-0.3749898374080658,0,0,-0.26539120078086853,-0.2062871903181076,0.7789069414138794,1.039189338684082,0.07347900420427322,-0.23833127319812775,0.002587812952697277,0.46845030784606934,0.41898366808891296,2.5968265533447266,-0.3543664515018463,0.5020102858543396,0.9368325471878052,-0.09530575573444366,-0.33383116126060486,-0.17140325903892517,-0.34334149956703186,0.06342538446187973,0,-0.3260347247123718,-0.3749648928642273,0.19909639656543732,0.776256799697876,0.564250111579895,-0.13695502281188965,-0.21955467760562897,-0.19116681814193726,-0.3748408257961273,-0.14217674732208252,-0.0196293443441391,-0.23885293304920197,-0.03491958603262901,-0.01599612645804882,0.5634621977806091,0.7385838627815247,-0.3582666516304016,-0.0791553407907486,-0.3749738931655884,0.923146665096283,0.0278629120439291,-0.020640673115849495,-0.20921510457992554,-0.09787464141845703,0.17226509749889374,0.5651376247406006,1.1936790943145752,-0.1432250738143921,-0.37499716877937317,-0.2627565264701843,-0.3099234104156494,-0.23588243126869202,0.04520454257726669,1.7005451917648315,-0.3745076358318329,-0.3672565519809723,-0.007362437434494495,0.1466132253408432,-0.3672517240047455,-0.08064834773540497,0.0013821519678458571,-0.3589327335357666,0.09193439781665802,-0.34781861305236816,-0.26813915371894836,-0.25910407304763794,0.01683907024562359,-0.3749490976333618,0.24777144193649292,-0.17673760652542114,0.6752410531044006,0.2621810734272003,-0.1490078568458557,0.30353397130966187,0,0,1.1688929796218872,-0.3626212477684021,-0.21487054228782654,-0.02957821451127529,0.7008578181266785,0.21878577768802643,-0.3462459146976471,-0.3328934609889984,0,0.27699580788612366,-0.1498090773820877,0.42361360788345337,0.48220568895339966,-0.14180181920528412,1.1365869045257568,1.570493459701538,-0.13301488757133484,-0.37459567189216614,-0.24411189556121826,0.30922141671180725,0,-0.3055931329727173,-0.339954137802124,-0.2589527666568756,0.4289468824863434,0.16193127632141113,0.7016186714172363,0.2416267842054367,-0.3314245343208313,-0.28762975335121155,-0.2681436240673065,-0.3565128445625305,0,0.11078883707523346,-0.35218292474746704,-0.09555353969335556,-0.04536936432123184,-0.18669351935386658,-0.3748972415924072,-0.07051213085651398,0.15264832973480225,1.000243902206421,0.39934512972831726,0.07419939339160919,0.0751916691660881,0.1523415744304657,-0.37056294083595276,-0.3722224533557892,-0.291572242975235,0.5995249152183533,-0.35702455043792725,-0.37152451276779175,-0.28774282336235046,-0.31672877073287964,0,-0.3103988468647003,-0.3608451187610626,-0.22781957685947418,0.24742740392684937,-0.1242823675274849,-0.03331346809864044,-0.1959550529718399,-0.2082081437110901,-0.32198718190193176,0.15022677183151245,-0.2893969416618347,-0.09824664145708084,0.28222930431365967,-0.32439830899238586,-0.24217954277992249,0.6131681799888611,-0.3377169370651245,0.4840543270111084,0.8578252196311951,-0.29005929827690125,-0.3501492142677307,0.6505923271179199,-0.28598231077194214,0.9557870626449585,-0.30887076258659363,-0.13725729286670685,0.21053515374660492,-0.34826919436454773,-0.2594582736492157,-0.2652501165866852,-0.1849832832813263,0.1978771984577179,-0.3749818205833435,-0.02877816930413246,0.6533067226409912,-0.2915531098842621,-0.06560459733009338,-0.1262531578540802,1.0113011598587036,0.22504884004592896,0.09077092260122299,0.10436923801898956,-0.28397372364997864,-0.33012011647224426,0.06427360326051712,1.1441410779953003,1.142819881439209,-0.37143293023109436,-0.25941789150238037,0.1089731752872467,0.6155015826225281,